path,bytes,sha256
public/assets/arsenal/av/vfx/c/muzzle_0.png,12430,0a9478f32a6cad63840284bfd2ef72e949d89af6bc02f41b54584528a949932f
public/assets/arsenal/av/vfx/c/muzzle_1.png,14138,3132ea5c37e3e02024b4da2d8971b37e669456dc75807b573741e168a1a69e09
public/assets/arsenal/av/vfx/c/muzzle_2.png,20916,bbbd8b0330506e911080622df2a541a797cf547acb9416e4542e5187b23a7090
public/assets/arsenal/av/vfx/c/muzzle_3.png,10493,b1ef7357b919461d619aa44288fe5c10a460275ff9f1f69470539f8dac38f4ee
public/assets/arsenal/av/vfx/c/muzzle_4.png,9523,10926f5ee61d502c252fca8d00b4597ab2747df17968b399d6f91ab1e7715e5e
public/assets/arsenal/av/vfx/c/muzzle_5.png,15447,efb52a0b5e792adceb55af2eda16cbc76052480dadbea8cda25309294b28c2ea
public/assets/arsenal/av/vfx/kenney/smoke_01.png,86344,288b7a29b659030fe7da333159c641e2325e41e704c05b8c6db1531b59c09897
public/assets/arsenal/av/vfx/kenney/smoke_03.png,33642,588255cfa015d2fd44488cf9a03d15edd73b2f5777dbf0301f431835b49eacc4
public/assets/arsenal/av/vfx/kenney/spark_05.png,44785,173bcf3e75969a08d8db3e64ec4f5e78ffe11fee156186e30076baea649f673d
public/assets/arsenal/av/vfx/kenney/spark_07.png,27522,1f1f798a6f969349da9cdbc87738ab8bc26542149f3a421cf9b64726491e01e1
public/assets/arsenal/av/vfx/kenney/LICENSE.txt,645,dabd7cc9f78caf9dd0e0c2dbf27eca9c22383bed5bf035bc26341a246b748cc6
public/assets/arsenal/av/PROVENANCE.md,958,5a001dac4cbdb1fb1c1d2d3a2e9568941fbb4b28fbe5277bf172f080b5f68cf1
public/assets/arsenal/av/sfx/guns/cz.wav,1312536,4a8594b3cf3f2bfe49497c4a9ae6301b5c7000f21c7cbcb6650df8f594fce713
public/assets/arsenal/av/sfx/guns/mosin.wav,2824684,ece6fff8f3b21aa8bc41943c0293d3fab6a553db33dd2427a388838324a39719
public/assets/arsenal/av/sfx/guns/shotty.wav,134104,2e4b51fafbc93ea2b9aa0cf2428d6bad6cfa79817f2d0d7aa38c64dc97afa02f
public/assets/arsenal/av/sfx/guns/sks.wav,2979538,236b1fbc029dd44efe930c9a75d383a92b2ae72b69a78b44830e449e83da61a4
public/assets/arsenal/av/sfx/impact/impactGeneric_light_002.ogg,5795,d0bf60905b59ff630ffe01eb0edeeacd2504eaa8fb6523aeef7d2458b78264d3
public/assets/arsenal/av/sfx/impact/impactMetal_heavy_002.ogg,5634,b914c8f1eb7c0f34bb165d7c77f4be0351f6be0660c13c53e65424e262e2c093
public/assets/arsenal/av/sfx/impact/impactMetal_light_002.ogg,6804,25a96f90a9a1f88a531e824e126f0519504625e5635e65a72e4f31611428db29
public/assets/arsenal/av/sfx/impact/impactMetal_medium_002.ogg,5857,7e89ce2ca0dbda95ea2b78d4b50791cab35c10d20e9f5ccd45dd0b00e99ff548
public/assets/arsenal/av/sfx/impact/impactPlate_heavy_001.ogg,8713,142fd6c77f13d25f318265901163f70f8dfe12f87829169a570025be43de7011
public/assets/arsenal/av/sfx/impact/impactPlate_light_001.ogg,11730,947915c2eb6ac57ee08fd3a48b297fd108d69abc72076e79882c21cad0eef56e
public/assets/arsenal/av/sfx/impact/impactPunch_heavy_001.ogg,10861,f92f5cb6ba4ff2766497292ffd90865654317eeca976f5652e0708dbdcdc0dd9
public/assets/arsenal/av/sfx/impact/impactPunch_medium_001.ogg,8701,e71d23abcc3f10d9d6bc9615b2a431fff70b12333a5fcdd9964457564ace4349
public/assets/arsenal/av/sfx/impact/impactSoft_medium_001.ogg,5506,7642a4fd43e547afe4f7adfadb3dabb681c0ff512f52c1674bae30a726841faf
public/assets/arsenal/av/sfx/rpg/chop.ogg,9370,d00c2b3c9fff07e376145c8c8c45c90e5084ec192f6ce0387db233f7b86f1486
public/assets/arsenal/av/sfx/rpg/drawKnife1.ogg,11134,276403e72c3b71c47bc24db3083970c23f8e5551ffa78f436f83483c56f3f0bb
public/assets/arsenal/av/sfx/rpg/drawKnife2.ogg,12395,d5df6a4130cbb016f97b4883769a418917b9629cb4c21717030b186e0c73281a
public/assets/arsenal/av/sfx/rpg/drawKnife3.ogg,12726,a11ae62fb1a628425769d11a9de394980ad8909c31f4c9a4316f226963e21caf
public/assets/arsenal/av/sfx/rpg/knifeSlice.ogg,15532,4cd96dc630bed9840c15f1dd2306da2cc56a4da26a5d3f1a03c5a7265ac5e54f
public/assets/arsenal/av/sfx/rpg/knifeSlice2.ogg,15099,6c2064d0ef988d1ec3d56868e823ea8823a5cac00f2742560052633529407def
public/assets/arsenal/av/sfx/rpg/metalClick.ogg,13615,9851a69d0c613e13bceef08060ecc4148f098ef487927cbebe270d642398a3b3
public/assets/arsenal/av/sfx/rpg/metalLatch.ogg,10208,ba9ba60b172b3ebc131a940f25793cd2e207aca7af73dc80d637277f060f1708
public/assets/arsenal/av/sfx/scifi/explosionCrunch_002.ogg,47907,be2b8ddc62e4a24c91e2e77793de98549ce216faf2f323a917e7d6f34321ff97
public/assets/arsenal/av/sfx/scifi/forceField_001.ogg,28947,5574e69dd04e5f59322c5ddffde5978f077b09170ae5e29cec0bd9901828cd90
public/assets/arsenal/av/sfx/scifi/forceField_003.ogg,23938,15e3fe971ffd3415e5ab641d3a4d043fb31f6712b0956315b524ba29c3889cda
public/assets/arsenal/av/sfx/scifi/impactMetal_002.ogg,12708,0c1bb4db8a4d48b2b8c2e65a175d9056b845f1063837599995d81be1c5957d2c
public/assets/arsenal/av/sfx/scifi/laserLarge_003.ogg,26104,3c7b3c9d856ee31fa1b92d29322f6ee472446627381595baeaba2af35c07135f
public/assets/arsenal/av/sfx/scifi/laserSmall_002.ogg,8973,e70139466c3e801358c9041ee17db7ff82c0e9a9cdf44647ad0ea6b9f8458f63
public/assets/arsenal/av/sfx/scifi/lowFrequency_explosion_001.ogg,9408,cdda50600a4928f2f1b8371224d53c171ac799c1cf2c30b11999508985250b3b
public/assets/arsenal/av/vfx/explosion_pack_2/half/1.png,1249586,945a598fe23288b0b903791dcf6de3a700ddddd65fe2d69b29e6f5f3cd7d140b
public/assets/arsenal/av/vfx/explosion_pack_2/half/2.png,1398978,d29887e280fa8648b422432f6e3c04c8fce9bd50893fd199aa35fbb6efddc001
public/assets/arsenal/av/vfx/explosion_pack_2/half/3.png,954487,cb9f24ebc3dc9b214e52275700506fc801f4988c81638cebd4c98306e475c9d2
public/assets/arsenal/av/vfx/explosion_pack_2/half/4.png,842204,b05ab70118ac5e809f2ee15c1f7d304b3024eafbab64d0a96e61f72864222cfc
public/assets/arsenal/av/vfx/muzzle_flash/muzzleFlash0_original_black.png,14763,679a11a7c821448957d4981ea0ae349407982cd447cd34b93d258d6fa09655d8
public/assets/arsenal/av/vfx/muzzle_flash/muzzleFlash0_transparent.png,15896,9a543b0e97f44744f467f8e25deadf6c0601e9a79598902e2296bf9628ee1c67
public/assets/arsenal/av/vfx/slash_blue_shield/Alternative_2_01.png,7623,71dc626608fe4fa4081af045ffcc056cceb447c17be5c61a95e24c754cfa823c
public/assets/arsenal/av/vfx/slash_blue_shield/Alternative_2_02.png,9334,b1aa8914a0aaadfd1dfad73062304661601e41d0dd09f86022e887110aa10fcf
public/assets/arsenal/av/vfx/slash_blue_shield/Alternative_2_03.png,8689,5b1e41c6ff896d99556a66287ca835eb216c16de3bd660af7791c5687130eba4
public/assets/arsenal/av/vfx/slash_blue_shield/Alternative_2_04.png,10636,89102d923883f4097154064badb47654896c4c717753b397f146c07fa2af646f
public/assets/arsenal/av/vfx/slash_blue_shield/Alternative_2_05.png,10637,c9a96b650c4ec3d1e302efde2f73b2d471d62d8cefbba1c733b01bcbadf20511
public/assets/arsenal/av/vfx/slash_blue_shield/Alternative_2_06.png,7681,9f975678ceb924190314ee698926523931925306951bf74df1e4476ada95bd10
public/assets/arsenal/av/vfx/slash_blue_shield/Alternative_2_07.png,5040,9ea647c73b1af5bf7f79917d29b4e4c873cec4ebc661ddcaab437e94c0aea539
public/assets/arsenal/av/vfx/slash_blue_shield/Alternative_2_08.png,8246,5e534ee9d99a4b63131c28c0f7a126f5008ba2b73bb59518e41a5bd41afc11ef
public/assets/arsenal/av/vfx/slash_blue_shield/Alternative_2_09.png,8138,e40fd042b2f04aa2629848e13015b87fe89281039d2cba56a2fb934c102a4774
public/assets/arsenal/av/vfx/slash_blue_shield/Alternative_2_10.png,7797,22a90a226ced7eacf8becadad938cb12a24a05ba4efdf230324418a9a5477991
public/assets/arsenal/av/vfx/slash_blue_shield/Alternative_2_11.png,7076,3fe8352fadddf60b8275df0585a1fa34850139fc90131eb1955663bac8891aa0
public/assets/arsenal/av/vfx/slash_blue_shield/Alternative_2_12.png,5009,781af9c7327d5251d2c36f72b44f20692e4690372bf71f33ee2670b4caa8b263
public/assets/arsenal/av/vfx/slash_blue_shield/Alternative_2_13.png,5495,f3d49c24dee23d0a31b5f4c87ff305081cf4e14f1eff57da091f519a38f1e5d0
public/assets/arsenal/av/vfx/slash_blue_shield/Alternative_2_14.png,7070,03764f87ac45e926fc2d1289ecab625b9e36f8d09958900a84d37c8c85046c13
public/assets/arsenal/av/vfx/slash_blue_shield/Alternative_2_15.png,6996,1ad85a5e9515b17ac3468ecaf11d1ccd6c2097e6a789715f41c1f8ab2b225c36
public/assets/arsenal/av/vfx/slash_blue_shield/Alternative_2_16.png,7275,57ff7a702548b97330fb9f321296e1e140e26519bc9272c72cdc240a21b2b6c9
public/assets/arsenal/av/vfx/slash_blue_shield/Alternative_2_17.png,6460,186f92c6a13d756953cea1b3d7f581923a41fcaf23b728bdab6421142a0ed2f5
public/assets/arsenal/av/vfx/slash_blue_shield/Alternative_2_18.png,4769,8418d88dd6f869ca22ed194e0662b903b09c8a7a82684efec74cf74bea7f1cb0
public/assets/arsenal/av/vfx/slash_blue_shield/Alternative_2_19.png,4713,6a7b92854f26a63f908005d37cb7d8c925136799daa2d595788066898e2c9609
public/assets/arsenal/av/vfx/slash_blue_shield/Alternative_2_20.png,7726,e80535eaf7f5dafccda8eca93cb382e4196a0d4ac8c6bb34bfc768f3c2518675
public/assets/arsenal/av/vfx/slash_blue_shield/Alternative_2_21.png,10284,663fc060afdd1f5321e2dd8f248f1b3d8c308360af5b80461d26bc3601bdd8e4
public/assets/arsenal/av/vfx/slash_blue_shield/Alternative_2_22.png,7756,3890edfe72b78c2ba346e6d5d04a68f89e6becfe8afc1562455a822fd8a0011b
public/assets/arsenal/av/vfx/slash_blue_shield/Alternative_2_23.png,3040,c66a184b8334048269925f9f71475f38c62e5434bb8bb1cdb30ec9cdb833fd04
public/assets/arsenal/av/vfx/slash_blue_shield/Alternative_2_24.png,2267,9f37166bbe4771968885188935570199168dccc581a77c075a2e3298d3c89851
public/assets/arsenal/av/vfx/slash_blue_shield/Alternative_2_25.png,6909,9f6d534f10a62e115859cc7ffcb7920dd4eae8bcf1ac51493ce69468916c6fb5
public/assets/arsenal/av/vfx/slash_blue_shield/Alternative_2_26.png,8209,42e3c7212b1c54c576be754c7750f631c556a2b6ae7ad6888109d15c25a183e7
public/assets/arsenal/av/vfx/slash_blue_shield/Alternative_2_27.png,9063,cce0b75006d4bef1e3145d1d059e8f5b974a26384dd0a589be06cf22a32da635
public/assets/arsenal/av/vfx/slash_blue_shield/Alternative_2_28.png,9747,10403e692b3f5889d6c3f75654a1a6407a72cc24564a2b3dda86dbc88ab0acf3
public/assets/arsenal/av/vfx/slash_blue_shield/Alternative_2_29.png,9835,5744ce1a080a50ac67fda80d0c288d71a7a66ddf096e9ada7fa1cf849ba977df
public/assets/arsenal/av/vfx/slash_blue_shield/Alternative_2_30.png,7680,74974941159c94edb2042ab51f2979df85e586adface038a7a518f00f0730e8a
public/assets/arsenal/av/vfx/slash_orange_primary/Alternative_3_01.png,6639,33ca5b84c55de959d0a0fb2276c333ad5312f49bda4304d2fb7149f3071f9b9a
public/assets/arsenal/av/vfx/slash_orange_primary/Alternative_3_02.png,7809,06f5d2d748c98dd29dd9730c7f991bfbf5e08a97952c2ee1f4b85d615b98a055
public/assets/arsenal/av/vfx/slash_orange_primary/Alternative_3_03.png,7145,a32224f71b8ed5837a400d35856da4665131bc7ecb70522e67b0c7088d16dfa3
public/assets/arsenal/av/vfx/slash_orange_primary/Alternative_3_04.png,8759,bb6ff26052f66e1c9a4865794a7460b9e1d6859fdf2494b70519ca08c7d2ec7b
public/assets/arsenal/av/vfx/slash_orange_primary/Alternative_3_05.png,8790,299b0e2b03bea9e46189fed987492ac7c9ff0c86eafe7ae905a4a2f22423e271
public/assets/arsenal/av/vfx/slash_orange_primary/Alternative_3_06.png,6513,01483a35393aafb1b791586830a3125f309a1b7c25d48c140171c63fc89cf0fd
public/assets/arsenal/av/vfx/slash_orange_primary/Alternative_3_07.png,4659,35319118b4146ae6b9a3c47df60457ba7f88e6b19ff3570950902d7705aef016
public/assets/arsenal/av/vfx/slash_orange_primary/Alternative_3_08.png,7038,e22f3cc8ba891854575132a379d73ae22403f2768f22c906d92ba417c887b9e9
public/assets/arsenal/av/vfx/slash_orange_primary/Alternative_3_09.png,7162,21240b46a72cceb4295dce7ec4df98264528cf6883fad4c6a1949dd13b14106f
public/assets/arsenal/av/vfx/slash_orange_primary/Alternative_3_10.png,7073,89628029be48c5d46995db0bbc99f2f44008933b180f1483b367b532d174c28c
public/assets/arsenal/av/vfx/slash_orange_primary/Alternative_3_11.png,6142,73e3df49164e8d94f0f1c77c6f98d80d02a9b6207b46baf2697397f32b872281
public/assets/arsenal/av/vfx/slash_orange_primary/Alternative_3_12.png,4573,50e8c31200c52cd848e6048fa7d687d26968dac253d928f01344a64482dec171
public/assets/arsenal/av/vfx/slash_orange_primary/Alternative_3_13.png,5853,d8361079f92067136a2010261153d3e8af20aae73c7b3dcfe72d308742cca99b
public/assets/arsenal/av/vfx/slash_orange_primary/Alternative_3_14.png,6721,676273dd2b41a42bd84e81bcefd5a2f00ffb5c20c265ad70703a6a3d0508c1a8
public/assets/arsenal/av/vfx/slash_orange_primary/Alternative_3_15.png,6806,54426bb9a64a6166f802aee11ebb4c60229d53d4003e8a37e8abe07f6937ef3e
public/assets/arsenal/av/vfx/slash_orange_primary/Alternative_3_16.png,6768,15045aa8f0e55c95e8fe15f7cb8c804f1e9bb577a3021ddfa9a1c28d92d0b41c
public/assets/arsenal/av/vfx/slash_orange_primary/Alternative_3_17.png,7299,edeb85e49cd931414c3c589bc23fc7516c024fb5647208053b6bf836c76721f7
public/assets/arsenal/av/vfx/slash_orange_primary/Alternative_3_18.png,5454,454ffb34386cdc72afbf3ab922275a15c1179829b9c7f319106edf4ea1f8443c
public/assets/arsenal/av/vfx/slash_orange_primary/Alternative_3_19.png,4401,8883df806a7a6691f3594741bdaa7fc62f7459df802bc33e1e3b18da04b49f47
public/assets/arsenal/av/vfx/slash_orange_primary/Alternative_3_20.png,6740,1ef882792b543d6108e1bec5b245f7af1fa0738d76aaca336c17587128bf21b4
public/assets/arsenal/av/vfx/slash_orange_primary/Alternative_3_21.png,8338,cbed1acd68ea29a4dd3b8cb3560f89b0451120fb64d4f13d13721fb88cc4e2d4
public/assets/arsenal/av/vfx/slash_orange_primary/Alternative_3_22.png,6576,49720584c808b67edb7bb9ecef15d937a84b805571c896ad38bc8d76a90ea8e4
public/assets/arsenal/av/vfx/slash_orange_primary/Alternative_3_23.png,3041,d800586f7e0f20ce92a2c7f7c1e569f4bb81d72e82dfa724eec7402e3c4ab7c4
public/assets/arsenal/av/vfx/slash_orange_primary/Alternative_3_24.png,2214,8deba63a7edfe91940f32eda9d5d1ab6438ec3e5be25ed0e3213228dc5e65958
public/assets/arsenal/av/vfx/slash_orange_primary/Alternative_3_25.png,6165,cef96b6817013c85f50a92052c12eb2bfbc8e3cf3cb6de5104ffecdcbe04304b
public/assets/arsenal/av/vfx/slash_orange_primary/Alternative_3_26.png,6683,b9735b11211f61f498087dbc4ac75e99e0255251f08237e20d3d7f4a78821a2e
public/assets/arsenal/av/vfx/slash_orange_primary/Alternative_3_27.png,7401,cf844d03f7431eaa6dec374c3a0bd32b1a6e564ebf570e15016c203ebf35bf22
public/assets/arsenal/av/vfx/slash_orange_primary/Alternative_3_28.png,7798,410a41dbfa40d017d2ae15e25b174bc59072442408e712c1fbe86feda5b48743
public/assets/arsenal/av/vfx/slash_orange_primary/Alternative_3_29.png,8066,38c2d148fe572af9689ccec235381d04bee2b92562bd70d500add7943827901d
public/assets/arsenal/av/vfx/slash_orange_primary/Alternative_3_30.png,6497,31aecb5b35044e959d253600d3fef09c72f957b3dbe014ba8e015215c6b8364c
public/assets/arsenal/av/sfx/c-final/BATTLE_AXE/axe_body.wav,47308,a1fde18b3403dd041f31c2e1db78752d90a357c3377bb26d5000cd1fdd132c9f
public/assets/arsenal/av/sfx/c-final/BATTLE_AXE/axe_contact.wav,110820,f420de0f731577792f79daad296a94edae0a7d357700cd8c089c33c08c5da569
public/assets/arsenal/av/sfx/c-final/BATTLE_AXE/axe_motion.wav,108770,d98089255950597a625ec519185188c0a342270069253f2eaf6ea05b4ecc3b64
public/assets/arsenal/av/sfx/c-final/DAGGER/dagger_contact.wav,36152,339a8f85382ec911c44b027680a342a692dd3c44cebca133d09b96a3c77cf58b
public/assets/arsenal/av/sfx/c-final/DAGGER/dagger_motion.wav,27736,b2683d38b3671fc7d78fbf6f70ad089fcf8b87c5ee9257c64feac2d9894a3e61
public/assets/arsenal/av/sfx/c-final/GRENADE/grenade_core.wav,114844,2975fc904f7014d700a19def9258a187a18acaf5c9f43d96a48d6d96daad5334
public/assets/arsenal/av/sfx/c-final/GRENADE/grenade_low.wav,85712,0d716ce2f1c1e30e73beb4a86809d15d5f0404a212f15ddccbdc5c123162a495
public/assets/arsenal/av/sfx/c-final/PISTOL/pistol_mech_click.wav,17934,10157148f0513c08a8ced7201dbfcf494d4ac1a22be111e7a4b1cc7321397eb2
public/assets/arsenal/av/sfx/c-final/SABRE/sabre_cut.wav,57884,ae5be6548ffc096da85b21419458d6d86628fc9a1ea955c6c12fddea127ebbc9
public/assets/arsenal/av/sfx/c-final/SABRE/sabre_motion.wav,75346,410e752fba14b7b3641c324495b070534490f6e91bce8104817f7851a5ab87f2
public/assets/arsenal/av/sfx/c-final/SHOTGUN/shotgun_rack_pull.wav,41926,2300c88373b2cc0f8dbf4a7cfcb00daaa932d50b032f3ba097b05e7bd69a53df
public/assets/arsenal/av/sfx/c-final/SHOTGUN/shotgun_rack_push.wav,84166,5dd4fb0094822b6900e27ec5ead72286621652971e81d0de4d10244e0994d236
public/assets/arsenal/av/sfx/c-final/SNIPER/sniper_bolt_lock.wav,57856,97d24d685f37a4854c5c1663973473657c668c852666c0b314a93dfe014d0800
public/assets/arsenal/av/sfx/c-final/SNIPER/sniper_chamber.wav,88576,b547ea1ada142ca10a95da84a0a78c2501434b4c9a6037a9ad9e44642cd54e6b
public/assets/arsenal/av/sfx/c-final/SPEAR/spear_impact.wav,34844,e97d7130696e770dc1a47a75017b7de7e58f2d29e470f99e4b5b455f811eea9b
public/assets/arsenal/av/sfx/c-final/SPEAR/spear_motion.wav,98202,5239cda0ac22d6136ce4d2cd3fdfe5edd95177ece2e1e7e7b0407096b93545bf
public/assets/arsenal/av/sfx/c-final/SPIKED_CLUB/club_body.wav,47308,a1fde18b3403dd041f31c2e1db78752d90a357c3377bb26d5000cd1fdd132c9f
public/assets/arsenal/av/sfx/c-final/SPIKED_CLUB/club_swing.wav,78238,328aae0303d68638b4702063f7c56d8e87b53849813644e6f0eab5e9f4f2442b
public/assets/arsenal/av/sfx/c-final/SWIRL_SHIELD/swirl_shield_block.wav,33222,f1ebfadc4c251bc62ebe1a8de182c47a84ac6420e898f99591d78ce3e3ac1f9a
public/assets/arsenal/av/sfx/c-final/TOWER_SHIELD/tower_shield_block.wav,107084,f6ae7ccbd7c65daf65d48180b562d3bd4bf164aaf01b05fe19b42d2bd9da72b9
